Model,RMSE,MAE,R2_Score
Linear Regression,8.71053563045392,6.9376614205309135,0.7855642659689995
LightGBM Regressor,8.575518517284124,6.814382769232357,0.7921604402636637
Stacked Model (Linear + LightGBM),8.572676930060622,6.809195579989517,0.7922981570411447
